{"cameraMode":{"drawMode":0,"name":"Shaded","section":"Shading Mode"},"sceneLighting":false,"audioPlay":false,"sceneViewState":{"m_AlwaysRefresh":false,"showFog":true,"showSkybox":false,"showFlares":true,"showImageEffects":true,"showParticleSystems":true,"showVisualEffectGraphs":true,"m_FxEnabled":true},"in2DMode":false,"pivot":{"x":24.144119262695314,"y":0.6333190202713013,"z":-0.13692212104797364},"rotation":{"x":0.03716347739100456,"y":-0.03237520158290863,"z":-0.0012204841477796436,"w":-0.9988024234771729},"size":2.8654987812042238,"orthographic":false}